{"cameraMode":{"drawMode":0,"name":"Shaded","section":"Shading Mode"},"sceneLighting":true,"audioPlay":false,"sceneViewState":{"m_AlwaysRefresh":false,"showFog":true,"showSkybox":false,"showFlares":true,"showImageEffects":true,"showParticleSystems":true,"showVisualEffectGraphs":true,"m_FxEnabled":true},"in2DMode":false,"pivot":{"x":-0.1787402182817459,"y":0.9657580256462097,"z":0.02134227752685547},"rotation":{"x":0.005996698513627052,"y":0.03299334645271301,"z":-0.00019796364358626306,"w":0.9994375109672546},"size":1.2297559976577759,"orthographic":true}