{"cameraMode":{"drawMode":0,"name":"Shaded","section":"Shading Mode"},"sceneLighting":false,"audioPlay":false,"sceneViewState":{"m_AlwaysRefresh":false,"showFog":false,"showSkybox":false,"showFlares":false,"showImageEffects":false,"showParticleSystems":false,"showVisualEffectGraphs":true,"m_FxEnabled":true},"in2DMode":false,"pivot":{"x":2.307185173034668,"y":-0.49422574043273928,"z":1.209388017654419},"rotation":{"x":0.004782564006745815,"y":-0.9926891326904297,"z":0.11305365711450577,"w":0.042011987417936328},"size":8.834224700927735,"orthographic":true}