{"cameraMode":{"drawMode":0,"name":"Shaded","section":"Shading Mode"},"sceneLighting":false,"audioPlay":false,"sceneViewState":{"m_AlwaysRefresh":false,"showFog":true,"showSkybox":false,"showFlares":true,"showImageEffects":true,"showParticleSystems":true,"showVisualEffectGraphs":true,"m_FxEnabled":true},"in2DMode":false,"pivot":{"x":0.5581428408622742,"y":-1.101403832435608,"z":0.1625814437866211},"rotation":{"x":0.020091364160180093,"y":0.030581632629036905,"z":0.0006132311536930502,"w":-0.99933260679245},"size":5.301316261291504,"orthographic":true}