{"cameraMode":{"drawMode":0,"name":"Shaded","section":"Shading Mode"},"sceneLighting":false,"audioPlay":false,"sceneViewState":{"m_AlwaysRefresh":false,"showFog":true,"showSkybox":false,"showFlares":true,"showImageEffects":true,"showParticleSystems":true,"showVisualEffectGraphs":true,"m_FxEnabled":true},"in2DMode":false,"pivot":{"x":1.8739999532699586,"y":0.6282320022583008,"z":0.9679999351501465},"rotation":{"x":-0.11828219145536423,"y":0.8736388683319092,"z":-0.3910851776599884,"w":-0.2642337381839752},"size":0.21650634706020356,"orthographic":true}