{"cameraMode":{"drawMode":0,"name":"Shaded","section":"Shading Mode"},"sceneLighting":false,"audioPlay":false,"sceneViewState":{"m_AlwaysRefresh":false,"showFog":true,"showSkybox":false,"showFlares":true,"showImageEffects":true,"showParticleSystems":true,"showVisualEffectGraphs":true,"m_FxEnabled":true},"in2DMode":false,"pivot":{"x":-0.003768220543861389,"y":-0.0058712586760520939,"z":-0.00040262751281261444},"rotation":{"x":0.1975569725036621,"y":0.7029324769973755,"z":-0.21396929025650025,"w":0.6489319205284119},"size":0.06817954033613205,"orthographic":false}