{"cameraMode":{"drawMode":0,"name":"Shaded","section":"Shading Mode"},"sceneLighting":false,"audioPlay":false,"sceneViewState":{"m_AlwaysRefresh":false,"showFog":true,"showSkybox":false,"showFlares":true,"showImageEffects":true,"showParticleSystems":true,"showVisualEffectGraphs":true,"m_FxEnabled":true},"in2DMode":false,"pivot":{"x":0.3375244140625,"y":1.8000001907348633,"z":-2.384185791015625e-7},"rotation":{"x":0.005996698513627052,"y":0.03299334645271301,"z":-0.00019796364358626306,"w":0.9994375109672546},"size":5.820684432983398,"orthographic":true}