{"cameraMode":{"drawMode":0,"name":"Shaded","section":"Shading Mode"},"sceneLighting":false,"audioPlay":false,"sceneViewState":{"m_AlwaysRefresh":false,"showFog":true,"showSkybox":false,"showFlares":true,"showImageEffects":true,"showParticleSystems":true,"showVisualEffectGraphs":true,"m_FxEnabled":true},"in2DMode":false,"pivot":{"x":0.06561040878295899,"y":1.9168517589569092,"z":0.07384896278381348},"rotation":{"x":0.005996698513627052,"y":0.03299334645271301,"z":-0.00019796364358626306,"w":0.9994375109672546},"size":3.205857992172241,"orthographic":true}